<?xml version="1.0" standalone="yes" ?>
<project magicid="68687365" generator="Transit 4.2" format="1.2">
  <mapfile output="MapFile.xml" timestamp="05/20/2004 15:09:00" />
  <publication title="Special Operations Federal Aquisition Regulations Supplement">
    <toc title="Table of Contents" timestamp="05/20/2004 15:08:59">
      <docspec output="ussocom1toc.htm" id="92" title="Special Operations Federal Aquisition Regulations Supplement TOC" />
    </toc>
    <document title="5601" timestamp="05/20/2004 14:49:42">
      <docspec output="5601.htm" id="52" title="SOFARS PART 5601THE FEDERAL ACQUISITION REGULATION SYSTEM" />
      <grafspec output="../../../../gif/regs/blubvppv.gif" type="gallery" />
      <grafspec output="../../../../gif/regs/blubvtoc.gif" type="gallery" />
      <grafspec output="../../../../gif/regs/blubvhom.gif" type="gallery" />
      <grafspec output="../../../../gif/regs/blubvpnx.gif" type="gallery" />
      <grafspec output="../../../../gif/regs/blubvtop.gif" type="gallery" />
    </document>
    <document title="SOFARS Part Attmt_5601" timestamp="05/20/2004 14:49:48">
      <docspec output="Attmt_5601.htm" id="53" title="SOFARS Part" />
      <grafspec output="../../../../gif/regs/blubvppv.gif" type="gallery" />
      <grafspec output="../../../../gif/regs/blubvtoc.gif" type="gallery" />
      <grafspec output="../../../../gif/regs/blubvhom.gif" type="gallery" />
      <grafspec output="../../../../gif/regs/blubvpnx.gif" type="gallery" />
      <grafspec output="../../../../gif/regs/blubvtop.gif" type="gallery" />
    </document>
    <document title="SOFARS Part 5602" timestamp="05/20/2004 14:49:49">
      <docspec output="5602.htm" id="54" title="SOFARS PART 5602DEFINITIONS OF WORDS AND TERMS" />
      <grafspec output="../../../../gif/regs/blubvppv.gif" type="gallery" />
      <grafspec output="../../../../gif/regs/blubvtoc.gif" type="gallery" />
      <grafspec output="../../../../gif/regs/blubvhom.gif" type="gallery" />
      <grafspec output="../../../../gif/regs/blubvpnx.gif" type="gallery" />
      <grafspec output="../../../../gif/regs/blubvtop.gif" type="gallery" />
    </document>
    <document title="5603" timestamp="05/20/2004 14:49:49">
      <docspec output="5603.htm" id="55" title="SOFARS PART 5603IMPROPER BUSINESS PRACTICES ANDPERSONAL CONFLICTS OF INTEREST" />
      <grafspec output="../../../../gif/regs/blubvppv.gif" type="gallery" />
      <grafspec output="../../../../gif/regs/blubvtoc.gif" type="gallery" />
      <grafspec output="../../../../gif/regs/blubvhom.gif" type="gallery" />
      <grafspec output="../../../../gif/regs/blubvpnx.gif" type="gallery" />
      <grafspec output="../../../../gif/regs/blubvtop.gif" type="gallery" />
    </document>
    <document title="SOFARS Part 5604" timestamp="05/20/2004 15:08:58">
      <docspec output="5604.htm" id="91" title="SOFARS PART 5604ADMINISTRATIVE MATTERS " />
      <grafspec output="../../../../gif/regs/blubvppv.gif" type="gallery" />
      <grafspec output="../../../../gif/regs/blubvtoc.gif" type="gallery" />
      <grafspec output="../../../../gif/regs/blubvhom.gif" type="gallery" />
      <grafspec output="../../../../gif/regs/blubvpnx.gif" type="gallery" />
      <grafspec output="../../../../gif/regs/blubvtop.gif" type="gallery" />
    </document>
    <document title="SOFARS Part 5605" timestamp="05/20/2004 14:49:51">
      <docspec output="5605.htm" id="57" title="SOFARS PART 5605PUBLICIZING CONTRACT ACTIONS " />
      <grafspec output="../../../../gif/regs/blubvppv.gif" type="gallery" />
      <grafspec output="../../../../gif/regs/blubvtoc.gif" type="gallery" />
      <grafspec output="../../../../gif/regs/blubvhom.gif" type="gallery" />
      <grafspec output="../../../../gif/regs/blubvpnx.gif" type="gallery" />
      <grafspec output="../../../../gif/regs/blubvtop.gif" type="gallery" />
    </document>
    <document title="SOFARS Part 5606" timestamp="05/20/2004 14:49:52">
      <docspec output="5606.htm" id="58" title="SOFARS PART 5606COMPETITION REQUIREMENTS " />
      <grafspec output="../../../../gif/regs/blubvppv.gif" type="gallery" />
      <grafspec output="../../../../gif/regs/blubvtoc.gif" type="gallery" />
      <grafspec output="../../../../gif/regs/blubvhom.gif" type="gallery" />
      <grafspec output="../../../../gif/regs/blubvpnx.gif" type="gallery" />
      <grafspec output="../../../../gif/regs/blubvtop.gif" type="gallery" />
    </document>
    <document title="5607" timestamp="05/20/2004 14:49:52">
      <docspec output="5607.htm" id="59" title="SOFARS PART 5607ACQUISITION PLANNING" />
      <grafspec output="../../../../gif/regs/blubvppv.gif" type="gallery" />
      <grafspec output="../../../../gif/regs/blubvtoc.gif" type="gallery" />
      <grafspec output="../../../../gif/regs/blubvhom.gif" type="gallery" />
      <grafspec output="../../../../gif/regs/blubvpnx.gif" type="gallery" />
      <grafspec output="../../../../gif/regs/blubvtop.gif" type="gallery" />
    </document>
    <document title="SOFARS Part 5608" timestamp="05/20/2004 14:49:52">
      <docspec output="5608.htm" id="60" title="SOFARS PART 5608REQUIRED SOURCES OF SUPPLIES AND SERVICES" />
      <grafspec output="../../../../gif/regs/blubvppv.gif" type="gallery" />
      <grafspec output="../../../../gif/regs/blubvtoc.gif" type="gallery" />
      <grafspec output="../../../../gif/regs/blubvhom.gif" type="gallery" />
      <grafspec output="../../../../gif/regs/blubvpnx.gif" type="gallery" />
      <grafspec output="../../../../gif/regs/blubvtop.gif" type="gallery" />
    </document>
    <document title="5609" timestamp="05/20/2004 14:49:53">
      <docspec output="5609.htm" id="61" title="SOFARS PART 5609CONTRACTOR QUALIFICATIONS" />
      <grafspec output="../../../../gif/regs/blubvppv.gif" type="gallery" />
      <grafspec output="../../../../gif/regs/blubvtoc.gif" type="gallery" />
      <grafspec output="../../../../gif/regs/blubvhom.gif" type="gallery" />
      <grafspec output="../../../../gif/regs/blubvpnx.gif" type="gallery" />
      <grafspec output="../../../../gif/regs/blubvtop.gif" type="gallery" />
    </document>
    <document title="SOFARS Part 5611" timestamp="05/20/2004 14:49:53">
      <docspec output="5611.htm" id="62" title="SOFARS PART 5611DESCRIBING AGENCY NEEDS " />
      <grafspec output="../../../../gif/regs/blubvppv.gif" type="gallery" />
      <grafspec output="../../../../gif/regs/blubvtoc.gif" type="gallery" />
      <grafspec output="../../../../gif/regs/blubvhom.gif" type="gallery" />
      <grafspec output="../../../../gif/regs/blubvpnx.gif" type="gallery" />
      <grafspec output="../../../../gif/regs/blubvtop.gif" type="gallery" />
    </document>
    <document title="SOFARS Part 5612" timestamp="05/20/2004 14:49:53">
      <docspec output="5612.htm" id="63" title="SOFARS PART 5612ACQUISITION OF COMMERCIAL ITEMS " />
      <grafspec output="../../../../gif/regs/blubvppv.gif" type="gallery" />
      <grafspec output="../../../../gif/regs/blubvtoc.gif" type="gallery" />
      <grafspec output="../../../../gif/regs/blubvhom.gif" type="gallery" />
      <grafspec output="../../../../gif/regs/blubvpnx.gif" type="gallery" />
      <grafspec output="../../../../gif/regs/blubvtop.gif" type="gallery" />
    </document>
    <document title="SOFARS Part 5613" timestamp="05/20/2004 14:49:54">
      <docspec output="5613.htm" id="64" title="SOFARS PART 5613SIMPLIFIED ACQUISITION PROCEDURES " />
      <grafspec output="../../../../gif/regs/blubvppv.gif" type="gallery" />
      <grafspec output="../../../../gif/regs/blubvtoc.gif" type="gallery" />
      <grafspec output="../../../../gif/regs/blubvhom.gif" type="gallery" />
      <grafspec output="../../../../gif/regs/blubvpnx.gif" type="gallery" />
      <grafspec output="../../../../gif/regs/blubvtop.gif" type="gallery" />
    </document>
    <document title="SOFARS Part 5614" timestamp="05/20/2004 14:49:54">
      <docspec output="5614.htm" id="65" title="SOFARS PART 5614SEALED BIDDING " />
      <grafspec output="../../../../gif/regs/blubvppv.gif" type="gallery" />
      <grafspec output="../../../../gif/regs/blubvtoc.gif" type="gallery" />
      <grafspec output="../../../../gif/regs/blubvhom.gif" type="gallery" />
      <grafspec output="../../../../gif/regs/blubvpnx.gif" type="gallery" />
      <grafspec output="../../../../gif/regs/blubvtop.gif" type="gallery" />
    </document>
    <document title="SOFARS Part 5615" timestamp="05/20/2004 14:49:55">
      <docspec output="5615.htm" id="66" title="SOFARS PART 5615CONTRACTING BY NEGOTIATION " />
      <grafspec output="../../../../gif/regs/blubvppv.gif" type="gallery" />
      <grafspec output="../../../../gif/regs/blubvtoc.gif" type="gallery" />
      <grafspec output="../../../../gif/regs/blubvhom.gif" type="gallery" />
      <grafspec output="../../../../gif/regs/blubvpnx.gif" type="gallery" />
      <grafspec output="../../../../gif/regs/blubvtop.gif" type="gallery" />
    </document>
    <document title="SOFARS Part 5616" timestamp="05/20/2004 14:49:55">
      <docspec output="5616.htm" id="67" title="SOFARS PART 5616CONTRACT TYPES " />
      <grafspec output="../../../../gif/regs/blubvppv.gif" type="gallery" />
      <grafspec output="../../../../gif/regs/blubvtoc.gif" type="gallery" />
      <grafspec output="../../../../gif/regs/blubvhom.gif" type="gallery" />
      <grafspec output="../../../../gif/regs/blubvpnx.gif" type="gallery" />
      <grafspec output="../../../../gif/regs/blubvtop.gif" type="gallery" />
    </document>
    <document title="SOFARS Part 5617" timestamp="05/20/2004 14:49:56">
      <docspec output="5617.htm" id="68" title="SOFARS PART 5617SPECIAL CONTRACTING METHODS " />
      <grafspec output="../../../../gif/regs/blubvppv.gif" type="gallery" />
      <grafspec output="../../../../gif/regs/blubvtoc.gif" type="gallery" />
      <grafspec output="../../../../gif/regs/blubvhom.gif" type="gallery" />
      <grafspec output="../../../../gif/regs/blubvpnx.gif" type="gallery" />
      <grafspec output="../../../../gif/regs/blubvtop.gif" type="gallery" />
    </document>
    <document title="SOFARS Part 5619" timestamp="05/20/2004 14:49:56">
      <docspec output="5619.htm" id="69" title="SOFARS PART 5619SMALL BUSINESS AND SMALL DISADVANTAGED BUSINESS CONCERNS" />
      <grafspec output="../../../../gif/regs/blubvppv.gif" type="gallery" />
      <grafspec output="../../../../gif/regs/blubvtoc.gif" type="gallery" />
      <grafspec output="../../../../gif/regs/blubvhom.gif" type="gallery" />
      <grafspec output="../../../../gif/regs/blubvpnx.gif" type="gallery" />
      <grafspec output="../../../../gif/regs/blubvtop.gif" type="gallery" />
    </document>
    <document title="SOFARS Part 5624" timestamp="05/20/2004 14:49:56">
      <docspec output="5624.htm" id="70" title="SOFARS PART 5624PROTECTION OF PRIVACY AND FREEDOM OF INFORMATION " />
      <grafspec output="../../../../gif/regs/blubvppv.gif" type="gallery" />
      <grafspec output="../../../../gif/regs/blubvtoc.gif" type="gallery" />
      <grafspec output="../../../../gif/regs/blubvhom.gif" type="gallery" />
      <grafspec output="../../../../gif/regs/blubvpnx.gif" type="gallery" />
      <grafspec output="../../../../gif/regs/blubvtop.gif" type="gallery" />
    </document>
    <document title="SOFARS Part 5625" timestamp="05/20/2004 14:49:57">
      <docspec output="5625.htm" id="71" title="SOFARS PART 5625FOREIGN ACQUISITION " />
      <grafspec output="../../../../gif/regs/blubvppv.gif" type="gallery" />
      <grafspec output="../../../../gif/regs/blubvtoc.gif" type="gallery" />
      <grafspec output="../../../../gif/regs/blubvhom.gif" type="gallery" />
      <grafspec output="../../../../gif/regs/blubvpnx.gif" type="gallery" />
      <grafspec output="../../../../gif/regs/blubvtop.gif" type="gallery" />
    </document>
    <document title="SOFARS Part 5627" timestamp="05/20/2004 14:49:57">
      <docspec output="5627.htm" id="72" title="SOFARS PART 5627PATENTS, DATA, AND COPYRIGHTS" />
      <grafspec output="../../../../gif/regs/blubvppv.gif" type="gallery" />
      <grafspec output="../../../../gif/regs/blubvtoc.gif" type="gallery" />
      <grafspec output="../../../../gif/regs/blubvhom.gif" type="gallery" />
      <grafspec output="../../../../gif/regs/blubvpnx.gif" type="gallery" />
      <grafspec output="../../../../gif/regs/blubvtop.gif" type="gallery" />
    </document>
    <document title="SOFARS Part 5628" timestamp="05/20/2004 14:49:57">
      <docspec output="5628.htm" id="73" title="SOFARS PART 5628BONDS AND INSURANCE" />
      <grafspec output="../../../../gif/regs/blubvppv.gif" type="gallery" />
      <grafspec output="../../../../gif/regs/blubvtoc.gif" type="gallery" />
      <grafspec output="../../../../gif/regs/blubvhom.gif" type="gallery" />
      <grafspec output="../../../../gif/regs/blubvpnx.gif" type="gallery" />
      <grafspec output="../../../../gif/regs/blubvtop.gif" type="gallery" />
    </document>
    <document title="5629" timestamp="05/20/2004 14:49:58">
      <docspec output="5629.htm" id="74" title="SOFARS PART 5629TAXES" />
      <grafspec output="../../../../gif/regs/blubvppv.gif" type="gallery" />
      <grafspec output="../../../../gif/regs/blubvtoc.gif" type="gallery" />
      <grafspec output="../../../../gif/regs/blubvhom.gif" type="gallery" />
      <grafspec output="../../../../gif/regs/blubvpnx.gif" type="gallery" />
      <grafspec output="../../../../gif/regs/blubvtop.gif" type="gallery" />
    </document>
    <document title="SOFARS Part 5631" timestamp="05/20/2004 14:49:58">
      <docspec output="5631.htm" id="75" title="SOFARS PART 5631CONTRACT COST PRINCIPLES AND PROCEDURES" />
      <grafspec output="../../../../gif/regs/blubvppv.gif" type="gallery" />
      <grafspec output="../../../../gif/regs/blubvtoc.gif" type="gallery" />
      <grafspec output="../../../../gif/regs/blubvhom.gif" type="gallery" />
      <grafspec output="../../../../gif/regs/blubvpnx.gif" type="gallery" />
      <grafspec output="../../../../gif/regs/blubvtop.gif" type="gallery" />
    </document>
    <document title="SOFARS Part 5632" timestamp="05/20/2004 14:49:58">
      <docspec output="5632.htm" id="76" title="SOFARS PART 5632CONTRACT FINANCING" />
      <grafspec output="../../../../gif/regs/blubvppv.gif" type="gallery" />
      <grafspec output="../../../../gif/regs/blubvtoc.gif" type="gallery" />
      <grafspec output="../../../../gif/regs/blubvhom.gif" type="gallery" />
      <grafspec output="../../../../gif/regs/blubvpnx.gif" type="gallery" />
      <grafspec output="../../../../gif/regs/blubvtop.gif" type="gallery" />
    </document>
    <document title="SOFARS Part 5633" timestamp="05/20/2004 14:49:59">
      <docspec output="5633.htm" id="77" title="SOFARS PART 5633PROTESTS, DISPUTES, AND APPEALS" />
      <grafspec output="../../../../gif/regs/blubvppv.gif" type="gallery" />
      <grafspec output="../../../../gif/regs/blubvtoc.gif" type="gallery" />
      <grafspec output="../../../../gif/regs/blubvhom.gif" type="gallery" />
      <grafspec output="../../../../gif/regs/blubvpnx.gif" type="gallery" />
      <grafspec output="../../../../gif/regs/blubvtop.gif" type="gallery" />
    </document>
    <document title="SOFARS Part 5635" timestamp="05/20/2004 14:49:59">
      <docspec output="5635.htm" id="78" title="SOFARS PART 5635RESEARCH AND DEVELOPMENT CONTRACTING " />
      <grafspec output="../../../../gif/regs/blubvppv.gif" type="gallery" />
      <grafspec output="../../../../gif/regs/blubvtoc.gif" type="gallery" />
      <grafspec output="../../../../gif/regs/blubvhom.gif" type="gallery" />
      <grafspec output="../../../../gif/regs/blubvpnx.gif" type="gallery" />
      <grafspec output="../../../../gif/regs/blubvtop.gif" type="gallery" />
    </document>
    <document title="SOFARS Part 5637" timestamp="05/20/2004 14:49:59">
      <docspec output="5637.htm" id="79" title="SOFARS PART 5637SERVICE CONTRACTING" />
      <grafspec output="../../../../gif/regs/blubvppv.gif" type="gallery" />
      <grafspec output="../../../../gif/regs/blubvtoc.gif" type="gallery" />
      <grafspec output="../../../../gif/regs/blubvhom.gif" type="gallery" />
      <grafspec output="../../../../gif/regs/blubvpnx.gif" type="gallery" />
      <grafspec output="../../../../gif/regs/blubvtop.gif" type="gallery" />
    </document>
    <document title="SOFARS Part 5639" timestamp="05/20/2004 14:50:00">
      <docspec output="5639.htm" id="80" title="SOFARS PART 5639ACQUISITION OF COMPUTER RESOURCES" />
      <grafspec output="../../../../gif/regs/blubvppv.gif" type="gallery" />
      <grafspec output="../../../../gif/regs/blubvtoc.gif" type="gallery" />
      <grafspec output="../../../../gif/regs/blubvhom.gif" type="gallery" />
      <grafspec output="../../../../gif/regs/blubvpnx.gif" type="gallery" />
      <grafspec output="../../../../gif/regs/blubvtop.gif" type="gallery" />
    </document>
    <document title="SOFARS Part 5642" timestamp="05/20/2004 14:50:00">
      <docspec output="5642.htm" id="81" title="SOFARS PART 5642CONTRACT ADMINISTRATION " />
      <grafspec output="../../../../gif/regs/blubvppv.gif" type="gallery" />
      <grafspec output="../../../../gif/regs/blubvtoc.gif" type="gallery" />
      <grafspec output="../../../../gif/regs/blubvhom.gif" type="gallery" />
      <grafspec output="../../../../gif/regs/blubvpnx.gif" type="gallery" />
      <grafspec output="../../../../gif/regs/blubvtop.gif" type="gallery" />
    </document>
    <document title="SOFARS Part 5643" timestamp="05/20/2004 14:50:01">
      <docspec output="5643.htm" id="82" title="SOFARS PART 5643CONTRACT MODIFICATIONS" />
      <grafspec output="../../../../gif/regs/blubvppv.gif" type="gallery" />
      <grafspec output="../../../../gif/regs/blubvtoc.gif" type="gallery" />
      <grafspec output="../../../../gif/regs/blubvhom.gif" type="gallery" />
      <grafspec output="../../../../gif/regs/blubvpnx.gif" type="gallery" />
      <grafspec output="../../../../gif/regs/blubvtop.gif" type="gallery" />
    </document>
    <document title="SOFARS Part 5645" timestamp="05/20/2004 14:50:01">
      <docspec output="5645.htm" id="83" title="SOFARS PART 5645GOVERNMENT PROPERTY" />
      <grafspec output="../../../../gif/regs/blubvppv.gif" type="gallery" />
      <grafspec output="../../../../gif/regs/blubvtoc.gif" type="gallery" />
      <grafspec output="../../../../gif/regs/blubvhom.gif" type="gallery" />
      <grafspec output="../../../../gif/regs/blubvpnx.gif" type="gallery" />
      <grafspec output="../../../../gif/regs/blubvtop.gif" type="gallery" />
    </document>
    <document title="SOFARS Part 5646" timestamp="05/20/2004 14:50:01">
      <docspec output="5646.htm" id="84" title="SOFARS PART 5646QUALITY ASSURANCE" />
      <grafspec output="../../../../gif/regs/blubvppv.gif" type="gallery" />
      <grafspec output="../../../../gif/regs/blubvtoc.gif" type="gallery" />
      <grafspec output="../../../../gif/regs/blubvhom.gif" type="gallery" />
      <grafspec output="../../../../gif/regs/blubvpnx.gif" type="gallery" />
      <grafspec output="../../../../gif/regs/blubvtop.gif" type="gallery" />
    </document>
    <document title="SOFARS Part 5647" timestamp="05/20/2004 14:50:02">
      <docspec output="5647.htm" id="85" title="SOFARS PART 5647TRANSPORTATION" />
      <grafspec output="../../../../gif/regs/blubvppv.gif" type="gallery" />
      <grafspec output="../../../../gif/regs/blubvtoc.gif" type="gallery" />
      <grafspec output="../../../../gif/regs/blubvhom.gif" type="gallery" />
      <grafspec output="../../../../gif/regs/blubvpnx.gif" type="gallery" />
      <grafspec output="../../../../gif/regs/blubvtop.gif" type="gallery" />
    </document>
    <document title="SOFARS Part 5649" timestamp="05/20/2004 14:50:02">
      <docspec output="5649.htm" id="86" title="SOFARS PART 5649TERMINATION OF CONTRACTS" />
      <grafspec output="../../../../gif/regs/blubvppv.gif" type="gallery" />
      <grafspec output="../../../../gif/regs/blubvtoc.gif" type="gallery" />
      <grafspec output="../../../../gif/regs/blubvhom.gif" type="gallery" />
      <grafspec output="../../../../gif/regs/blubvpnx.gif" type="gallery" />
      <grafspec output="../../../../gif/regs/blubvtop.gif" type="gallery" />
    </document>
    <document title="SOFARS Part 5652" timestamp="05/20/2004 14:50:05">
      <docspec output="5652.htm" id="87" title="SOFARS PART 5652SOLICITATION PROVISIONS AND CONTRACT CLAUSES" />
      <grafspec output="../../../../gif/regs/blubvppv.gif" type="gallery" />
      <grafspec output="../../../../gif/regs/blubvtoc.gif" type="gallery" />
      <grafspec output="../../../../gif/regs/blubvhom.gif" type="gallery" />
      <grafspec output="../../../../gif/regs/blubvpnx.gif" type="gallery" />
      <grafspec output="../../../../gif/regs/blubvtop.gif" type="gallery" />
    </document>
  </publication>
</project>
