<?xml version="1.0" standalone="yes" ?>
<project magicid="68687365" generator="Transit 4.2" format="1.2">
  <mapfile output="MapFile.xml" timestamp="06/06/2016 15:27:48" />
  <publication title="Special Operations Federal Aquisition Regulations Supplement">
    <toc title="Table of Contents" timestamp="06/06/2016 15:27:44">
      <docspec output="ussocom1toc.htm" id="60" title="Special Operations Federal Aquisition Regulations Supplement TOC" />
    </toc>
    <document title="5601" timestamp="06/06/2016 15:27:13">
      <docspec output="5601.htm" id="18" title="SOFARS PART 5601 THE FEDERAL ACQUISITION REGULATION SYSTEM" />
      <grafspec output="../../../../gif/regs/ussocom/blubvppv.gif" type="gallery" />
      <grafspec output="../../../../gif/regs/ussocom/blubvtoc.gif" type="gallery" />
      <grafspec output="../../../../gif/regs/ussocom/blubvhom.gif" type="gallery" />
      <grafspec output="../../../../gif/regs/ussocom/blubvpnx.gif" type="gallery" />
      <grafspec output="../../../../gif/regs/ussocom/blubvtop.gif" type="gallery" />
    </document>
    <document title="Attachment_5601-1" timestamp="06/06/2016 15:27:19">
      <docspec output="Attachment_5601-1.htm" id="19" title="" />
      <grafspec output="../../../../gif/regs/ussocom/blubvppv.gif" type="gallery" />
      <grafspec output="../../../../gif/regs/ussocom/blubvtoc.gif" type="gallery" />
      <grafspec output="../../../../gif/regs/ussocom/blubvhom.gif" type="gallery" />
      <grafspec output="../../../../gif/regs/ussocom/blubvpnx.gif" type="gallery" />
      <grafspec output="../../../../gif/regs/ussocom/blubvtop.gif" type="gallery" />
    </document>
    <document title="5601-1" timestamp="06/06/2016 14:40:23">
      <docspec output="5601-1.htm" id="20" title="" />
    </document>
    <document title="01-7Ratification" timestamp="06/06/2016 15:27:20">
      <docspec output="01-7Ratification.htm" id="21" title="" />
      <grafspec output="../../../../gif/regs/ussocom/blubvppv.gif" type="gallery" />
      <grafspec output="../../../../gif/regs/ussocom/blubvtoc.gif" type="gallery" />
      <grafspec output="../../../../gif/regs/ussocom/blubvhom.gif" type="gallery" />
      <grafspec output="../../../../gif/regs/ussocom/blubvpnx.gif" type="gallery" />
      <grafspec output="../../../../gif/regs/ussocom/blubvtop.gif" type="gallery" />
    </document>
    <document title="5602" timestamp="06/06/2016 15:27:22">
      <docspec output="5602.htm" id="22" title="SOFARS PART 5602DEFINITIONS OF WORDS AND TERMS" />
      <grafspec output="../../../../gif/regs/ussocom/blubvppv.gif" type="gallery" />
      <grafspec output="../../../../gif/regs/ussocom/blubvtoc.gif" type="gallery" />
      <grafspec output="../../../../gif/regs/ussocom/blubvhom.gif" type="gallery" />
      <grafspec output="../../../../gif/regs/ussocom/blubvpnx.gif" type="gallery" />
      <grafspec output="../../../../gif/regs/ussocom/blubvtop.gif" type="gallery" />
    </document>
    <document title="5603" timestamp="06/06/2016 15:27:22">
      <docspec output="5603.htm" id="23" title="SOFARS PART 5603IMPROPER BUSINESS PRACTICES AND PERSONAL CONFLICTS OF INTEREST" />
      <grafspec output="../../../../gif/regs/ussocom/blubvppv.gif" type="gallery" />
      <grafspec output="../../../../gif/regs/ussocom/blubvtoc.gif" type="gallery" />
      <grafspec output="../../../../gif/regs/ussocom/blubvhom.gif" type="gallery" />
      <grafspec output="../../../../gif/regs/ussocom/blubvpnx.gif" type="gallery" />
      <grafspec output="../../../../gif/regs/ussocom/blubvtop.gif" type="gallery" />
    </document>
    <document title="5604" timestamp="06/06/2016 15:27:23">
      <docspec output="5604.htm" id="24" title="SOFARS PART 5604ADMINISTRATIVE MATTERS " />
      <grafspec output="../../../../gif/regs/ussocom/blubvppv.gif" type="gallery" />
      <grafspec output="../../../../gif/regs/ussocom/blubvtoc.gif" type="gallery" />
      <grafspec output="../../../../gif/regs/ussocom/blubvhom.gif" type="gallery" />
      <grafspec output="../../../../gif/regs/ussocom/blubvpnx.gif" type="gallery" />
      <grafspec output="../../../../gif/regs/ussocom/blubvtop.gif" type="gallery" />
    </document>
    <document title="5605" timestamp="06/06/2016 15:27:24">
      <docspec output="5605.htm" id="25" title="SOFARS PART 5605PUBLICIZING CONTRACT ACTIONS " />
      <grafspec output="../../../../gif/regs/ussocom/blubvppv.gif" type="gallery" />
      <grafspec output="../../../../gif/regs/ussocom/blubvtoc.gif" type="gallery" />
      <grafspec output="../../../../gif/regs/ussocom/blubvhom.gif" type="gallery" />
      <grafspec output="../../../../gif/regs/ussocom/blubvpnx.gif" type="gallery" />
      <grafspec output="../../../../gif/regs/ussocom/blubvtop.gif" type="gallery" />
    </document>
    <document title="5606" timestamp="06/06/2016 15:27:24">
      <docspec output="5606.htm" id="26" title="SOFARS PART 5606COMPETITION REQUIREMENTS " />
      <grafspec output="../../../../gif/regs/ussocom/blubvppv.gif" type="gallery" />
      <grafspec output="../../../../gif/regs/ussocom/blubvtoc.gif" type="gallery" />
      <grafspec output="../../../../gif/regs/ussocom/blubvhom.gif" type="gallery" />
      <grafspec output="../../../../gif/regs/ussocom/blubvpnx.gif" type="gallery" />
      <grafspec output="../../../../gif/regs/ussocom/blubvtop.gif" type="gallery" />
    </document>
    <document title="5607" timestamp="06/06/2016 15:27:25">
      <docspec output="5607.htm" id="27" title="SOFARS PART 5607ACQUISITION PLANNING" />
      <grafspec output="../../../../gif/regs/ussocom/blubvppv.gif" type="gallery" />
      <grafspec output="../../../../gif/regs/ussocom/blubvtoc.gif" type="gallery" />
      <grafspec output="../../../../gif/regs/ussocom/blubvhom.gif" type="gallery" />
      <grafspec output="../../../../gif/regs/ussocom/blubvpnx.gif" type="gallery" />
      <grafspec output="../../../../gif/regs/ussocom/blubvtop.gif" type="gallery" />
    </document>
    <document title="5608" timestamp="06/06/2016 15:27:26">
      <docspec output="5608.htm" id="28" title="SOFARS PART 5608REQUIRED SOURCES OF SUPPLIES AND SERVICES" />
      <grafspec output="../../../../gif/regs/ussocom/blubvppv.gif" type="gallery" />
      <grafspec output="../../../../gif/regs/ussocom/blubvtoc.gif" type="gallery" />
      <grafspec output="../../../../gif/regs/ussocom/blubvhom.gif" type="gallery" />
      <grafspec output="../../../../gif/regs/ussocom/blubvpnx.gif" type="gallery" />
      <grafspec output="../../../../gif/regs/ussocom/blubvtop.gif" type="gallery" />
    </document>
    <document title="5609" timestamp="06/06/2016 15:27:26">
      <docspec output="5609.htm" id="29" title="SOFARS PART 5609CONTRACTOR QUALIFICATIONS" />
      <grafspec output="../../../../gif/regs/ussocom/blubvppv.gif" type="gallery" />
      <grafspec output="../../../../gif/regs/ussocom/blubvtoc.gif" type="gallery" />
      <grafspec output="../../../../gif/regs/ussocom/blubvhom.gif" type="gallery" />
      <grafspec output="../../../../gif/regs/ussocom/blubvpnx.gif" type="gallery" />
      <grafspec output="../../../../gif/regs/ussocom/blubvtop.gif" type="gallery" />
    </document>
    <document title="5610" timestamp="06/06/2016 15:27:27">
      <docspec output="5610.htm" id="30" title="SOFARS PART 5610MARKET RESEARCH " />
      <grafspec output="../../../../gif/regs/ussocom/blubvppv.gif" type="gallery" />
      <grafspec output="../../../../gif/regs/ussocom/blubvtoc.gif" type="gallery" />
      <grafspec output="../../../../gif/regs/ussocom/blubvhom.gif" type="gallery" />
      <grafspec output="../../../../gif/regs/ussocom/blubvpnx.gif" type="gallery" />
      <grafspec output="../../../../gif/regs/ussocom/blubvtop.gif" type="gallery" />
    </document>
    <document title="5611" timestamp="06/06/2016 15:27:27">
      <docspec output="5611.htm" id="31" title="SOFARS PART 5611DESCRIBING AGENCY NEEDS " />
      <grafspec output="../../../../gif/regs/ussocom/blubvppv.gif" type="gallery" />
      <grafspec output="../../../../gif/regs/ussocom/blubvtoc.gif" type="gallery" />
      <grafspec output="../../../../gif/regs/ussocom/blubvhom.gif" type="gallery" />
      <grafspec output="../../../../gif/regs/ussocom/blubvpnx.gif" type="gallery" />
      <grafspec output="../../../../gif/regs/ussocom/blubvtop.gif" type="gallery" />
    </document>
    <document title="5612" timestamp="06/06/2016 15:27:28">
      <docspec output="5612.htm" id="32" title="SOFARS PART 5612ACQUISITION OF COMMERCIAL ITEMS " />
      <grafspec output="../../../../gif/regs/ussocom/blubvppv.gif" type="gallery" />
      <grafspec output="../../../../gif/regs/ussocom/blubvtoc.gif" type="gallery" />
      <grafspec output="../../../../gif/regs/ussocom/blubvhom.gif" type="gallery" />
      <grafspec output="../../../../gif/regs/ussocom/blubvpnx.gif" type="gallery" />
      <grafspec output="../../../../gif/regs/ussocom/blubvtop.gif" type="gallery" />
    </document>
    <document title="5613" timestamp="06/06/2016 15:27:29">
      <docspec output="5613.htm" id="33" title="SOFARS PART 5613SIMPLIFIED ACQUISITION PROCEDURES " />
      <grafspec output="../../../../gif/regs/ussocom/blubvppv.gif" type="gallery" />
      <grafspec output="../../../../gif/regs/ussocom/blubvtoc.gif" type="gallery" />
      <grafspec output="../../../../gif/regs/ussocom/blubvhom.gif" type="gallery" />
      <grafspec output="../../../../gif/regs/ussocom/blubvpnx.gif" type="gallery" />
      <grafspec output="../../../../gif/regs/ussocom/blubvtop.gif" type="gallery" />
    </document>
    <document title="5614" timestamp="06/06/2016 15:27:29">
      <docspec output="5614.htm" id="34" title="SOFARS PART 5614SEALED BIDDING " />
      <grafspec output="../../../../gif/regs/ussocom/blubvppv.gif" type="gallery" />
      <grafspec output="../../../../gif/regs/ussocom/blubvtoc.gif" type="gallery" />
      <grafspec output="../../../../gif/regs/ussocom/blubvhom.gif" type="gallery" />
      <grafspec output="../../../../gif/regs/ussocom/blubvpnx.gif" type="gallery" />
      <grafspec output="../../../../gif/regs/ussocom/blubvtop.gif" type="gallery" />
    </document>
    <document title="5615" timestamp="06/06/2016 15:27:30">
      <docspec output="5615.htm" id="35" title="SOFARS PART 5615CONTRACTING BY NEGOTIATION " />
      <grafspec output="../../../../gif/regs/ussocom/blubvppv.gif" type="gallery" />
      <grafspec output="../../../../gif/regs/ussocom/blubvtoc.gif" type="gallery" />
      <grafspec output="../../../../gif/regs/ussocom/blubvhom.gif" type="gallery" />
      <grafspec output="../../../../gif/regs/ussocom/blubvpnx.gif" type="gallery" />
      <grafspec output="../../../../gif/regs/ussocom/blubvtop.gif" type="gallery" />
    </document>
    <document title="5616" timestamp="06/06/2016 15:27:31">
      <docspec output="5616.htm" id="36" title="SOFARS PART 5616CONTRACT TYPES " />
      <grafspec output="../../../../gif/regs/ussocom/blubvppv.gif" type="gallery" />
      <grafspec output="../../../../gif/regs/ussocom/blubvtoc.gif" type="gallery" />
      <grafspec output="../../../../gif/regs/ussocom/blubvhom.gif" type="gallery" />
      <grafspec output="../../../../gif/regs/ussocom/blubvpnx.gif" type="gallery" />
      <grafspec output="../../../../gif/regs/ussocom/blubvtop.gif" type="gallery" />
    </document>
    <document title="5617" timestamp="06/06/2016 15:27:31">
      <docspec output="5617.htm" id="37" title="SOFARS PART 5617SPECIAL CONTRACTING METHODS " />
      <grafspec output="../../../../gif/regs/ussocom/blubvppv.gif" type="gallery" />
      <grafspec output="../../../../gif/regs/ussocom/blubvtoc.gif" type="gallery" />
      <grafspec output="../../../../gif/regs/ussocom/blubvhom.gif" type="gallery" />
      <grafspec output="../../../../gif/regs/ussocom/blubvpnx.gif" type="gallery" />
      <grafspec output="../../../../gif/regs/ussocom/blubvtop.gif" type="gallery" />
    </document>
    <document title="5619" timestamp="06/06/2016 15:27:32">
      <docspec output="5619.htm" id="38" title="SOFARS PART 5619SMALL BUSINESS AND SMALL DISADVANTAGED BUSINESS CONCERNS" />
      <grafspec output="../../../../gif/regs/ussocom/blubvppv.gif" type="gallery" />
      <grafspec output="../../../../gif/regs/ussocom/blubvtoc.gif" type="gallery" />
      <grafspec output="../../../../gif/regs/ussocom/blubvhom.gif" type="gallery" />
      <grafspec output="../../../../gif/regs/ussocom/blubvpnx.gif" type="gallery" />
      <grafspec output="../../../../gif/regs/ussocom/blubvtop.gif" type="gallery" />
    </document>
    <document title="5622" timestamp="06/06/2016 15:27:32">
      <docspec output="5622.htm" id="39" title="SOFARS PART 5622APPLICATION OF LABOR LAWS TO GOVERNMENT ACQUISITIONS" />
      <grafspec output="../../../../gif/regs/ussocom/blubvppv.gif" type="gallery" />
      <grafspec output="../../../../gif/regs/ussocom/blubvtoc.gif" type="gallery" />
      <grafspec output="../../../../gif/regs/ussocom/blubvhom.gif" type="gallery" />
      <grafspec output="../../../../gif/regs/ussocom/blubvpnx.gif" type="gallery" />
      <grafspec output="../../../../gif/regs/ussocom/blubvtop.gif" type="gallery" />
    </document>
    <document title="5623" timestamp="06/06/2016 15:27:33">
      <docspec output="5623.htm" id="40" title="SOFARS PART 5623ENVIRONMENT, CONSERVATION, OCCUPATIONAL SAFETY, AND DRUG-FREE WORKPLACE " />
      <grafspec output="../../../../gif/regs/ussocom/blubvppv.gif" type="gallery" />
      <grafspec output="../../../../gif/regs/ussocom/blubvtoc.gif" type="gallery" />
      <grafspec output="../../../../gif/regs/ussocom/blubvhom.gif" type="gallery" />
      <grafspec output="../../../../gif/regs/ussocom/blubvpnx.gif" type="gallery" />
      <grafspec output="../../../../gif/regs/ussocom/blubvtop.gif" type="gallery" />
    </document>
    <document title="5624" timestamp="06/06/2016 15:27:33">
      <docspec output="5624.htm" id="41" title="SOFARS PART 5624PROTECTION OF PRIVACY AND FREEDOM OF INFORMATION " />
      <grafspec output="../../../../gif/regs/ussocom/blubvppv.gif" type="gallery" />
      <grafspec output="../../../../gif/regs/ussocom/blubvtoc.gif" type="gallery" />
      <grafspec output="../../../../gif/regs/ussocom/blubvhom.gif" type="gallery" />
      <grafspec output="../../../../gif/regs/ussocom/blubvpnx.gif" type="gallery" />
      <grafspec output="../../../../gif/regs/ussocom/blubvtop.gif" type="gallery" />
    </document>
    <document title="5625" timestamp="06/06/2016 15:27:34">
      <docspec output="5625.htm" id="42" title="SOFARS PART 5625 FOREIGN ACQUISITION " />
      <grafspec output="../../../../gif/regs/ussocom/blubvppv.gif" type="gallery" />
      <grafspec output="../../../../gif/regs/ussocom/blubvtoc.gif" type="gallery" />
      <grafspec output="../../../../gif/regs/ussocom/blubvhom.gif" type="gallery" />
      <grafspec output="../../../../gif/regs/ussocom/blubvpnx.gif" type="gallery" />
      <grafspec output="../../../../gif/regs/ussocom/blubvtop.gif" type="gallery" />
    </document>
    <document title="5627" timestamp="06/06/2016 15:27:34">
      <docspec output="5627.htm" id="43" title="SOFARS PART 5627PATENTS, DATA, AND COPYRIGHTS" />
      <grafspec output="../../../../gif/regs/ussocom/blubvppv.gif" type="gallery" />
      <grafspec output="../../../../gif/regs/ussocom/blubvtoc.gif" type="gallery" />
      <grafspec output="../../../../gif/regs/ussocom/blubvhom.gif" type="gallery" />
      <grafspec output="../../../../gif/regs/ussocom/blubvpnx.gif" type="gallery" />
      <grafspec output="../../../../gif/regs/ussocom/blubvtop.gif" type="gallery" />
    </document>
    <document title="5628" timestamp="06/06/2016 15:27:35">
      <docspec output="5628.htm" id="44" title="SOFARS PART 5628BONDS AND INSURANCE" />
      <grafspec output="../../../../gif/regs/ussocom/blubvppv.gif" type="gallery" />
      <grafspec output="../../../../gif/regs/ussocom/blubvtoc.gif" type="gallery" />
      <grafspec output="../../../../gif/regs/ussocom/blubvhom.gif" type="gallery" />
      <grafspec output="../../../../gif/regs/ussocom/blubvpnx.gif" type="gallery" />
      <grafspec output="../../../../gif/regs/ussocom/blubvtop.gif" type="gallery" />
    </document>
    <document title="5629" timestamp="06/06/2016 15:27:35">
      <docspec output="5629.htm" id="45" title="SOFARS PART 5629TAXES" />
      <grafspec output="../../../../gif/regs/ussocom/blubvppv.gif" type="gallery" />
      <grafspec output="../../../../gif/regs/ussocom/blubvtoc.gif" type="gallery" />
      <grafspec output="../../../../gif/regs/ussocom/blubvhom.gif" type="gallery" />
      <grafspec output="../../../../gif/regs/ussocom/blubvpnx.gif" type="gallery" />
      <grafspec output="../../../../gif/regs/ussocom/blubvtop.gif" type="gallery" />
    </document>
    <document title="5631" timestamp="06/06/2016 15:27:35">
      <docspec output="5631.htm" id="46" title="SOFARS PART 5631CONTRACT COST PRINCIPLES AND PROCEDURES" />
      <grafspec output="../../../../gif/regs/ussocom/blubvppv.gif" type="gallery" />
      <grafspec output="../../../../gif/regs/ussocom/blubvtoc.gif" type="gallery" />
      <grafspec output="../../../../gif/regs/ussocom/blubvhom.gif" type="gallery" />
      <grafspec output="../../../../gif/regs/ussocom/blubvpnx.gif" type="gallery" />
      <grafspec output="../../../../gif/regs/ussocom/blubvtop.gif" type="gallery" />
    </document>
    <document title="5632" timestamp="06/06/2016 15:27:36">
      <docspec output="5632.htm" id="47" title="SOFARS PART 5632CONTRACT FINANCING" />
      <grafspec output="../../../../gif/regs/ussocom/blubvppv.gif" type="gallery" />
      <grafspec output="../../../../gif/regs/ussocom/blubvtoc.gif" type="gallery" />
      <grafspec output="../../../../gif/regs/ussocom/blubvhom.gif" type="gallery" />
      <grafspec output="../../../../gif/regs/ussocom/blubvpnx.gif" type="gallery" />
      <grafspec output="../../../../gif/regs/ussocom/blubvtop.gif" type="gallery" />
    </document>
    <document title="5633" timestamp="06/06/2016 15:27:37">
      <docspec output="5633.htm" id="48" title="SOFARS PART 5633PROTESTS, DISPUTES, AND APPEALS" />
      <grafspec output="../../../../gif/regs/ussocom/blubvppv.gif" type="gallery" />
      <grafspec output="../../../../gif/regs/ussocom/blubvtoc.gif" type="gallery" />
      <grafspec output="../../../../gif/regs/ussocom/blubvhom.gif" type="gallery" />
      <grafspec output="../../../../gif/regs/ussocom/blubvpnx.gif" type="gallery" />
      <grafspec output="../../../../gif/regs/ussocom/blubvtop.gif" type="gallery" />
    </document>
    <document title="5635" timestamp="06/06/2016 15:27:37">
      <docspec output="5635.htm" id="49" title="SOFARS PART 5635RESEARCH AND DEVELOPMENT CONTRACTING " />
      <grafspec output="../../../../gif/regs/ussocom/blubvppv.gif" type="gallery" />
      <grafspec output="../../../../gif/regs/ussocom/blubvtoc.gif" type="gallery" />
      <grafspec output="../../../../gif/regs/ussocom/blubvhom.gif" type="gallery" />
      <grafspec output="../../../../gif/regs/ussocom/blubvpnx.gif" type="gallery" />
      <grafspec output="../../../../gif/regs/ussocom/blubvtop.gif" type="gallery" />
    </document>
    <document title="5636" timestamp="06/06/2016 15:27:38">
      <docspec output="5636.htm" id="50" title="SOFARS PART 5636CONSTRUCTION AND ARCHITECT -- ENGINEER CONTRACTS" />
      <grafspec output="../../../../gif/regs/ussocom/blubvppv.gif" type="gallery" />
      <grafspec output="../../../../gif/regs/ussocom/blubvtoc.gif" type="gallery" />
      <grafspec output="../../../../gif/regs/ussocom/blubvhom.gif" type="gallery" />
      <grafspec output="../../../../gif/regs/ussocom/blubvpnx.gif" type="gallery" />
      <grafspec output="../../../../gif/regs/ussocom/blubvtop.gif" type="gallery" />
    </document>
    <document title="5637" timestamp="06/06/2016 15:27:38">
      <docspec output="5637.htm" id="51" title="SOFARS PART 5637SERVICE CONTRACTING" />
      <grafspec output="../../../../gif/regs/ussocom/blubvppv.gif" type="gallery" />
      <grafspec output="../../../../gif/regs/ussocom/blubvtoc.gif" type="gallery" />
      <grafspec output="../../../../gif/regs/ussocom/blubvhom.gif" type="gallery" />
      <grafspec output="../../../../gif/regs/ussocom/blubvpnx.gif" type="gallery" />
      <grafspec output="../../../../gif/regs/ussocom/blubvtop.gif" type="gallery" />
    </document>
    <document title="5639" timestamp="06/06/2016 15:27:39">
      <docspec output="5639.htm" id="52" title="SOFARS PART 5639ACQUISITION OF INFORMATION TECHNOLOGY" />
      <grafspec output="../../../../gif/regs/ussocom/blubvppv.gif" type="gallery" />
      <grafspec output="../../../../gif/regs/ussocom/blubvtoc.gif" type="gallery" />
      <grafspec output="../../../../gif/regs/ussocom/blubvhom.gif" type="gallery" />
      <grafspec output="../../../../gif/regs/ussocom/blubvpnx.gif" type="gallery" />
      <grafspec output="../../../../gif/regs/ussocom/blubvtop.gif" type="gallery" />
    </document>
    <document title="5642" timestamp="06/06/2016 15:27:39">
      <docspec output="5642.htm" id="53" title="SOFARS PART 5642CONTRACT ADMINISTRATION AND AUDIT SERVICES" />
      <grafspec output="../../../../gif/regs/ussocom/blubvppv.gif" type="gallery" />
      <grafspec output="../../../../gif/regs/ussocom/blubvtoc.gif" type="gallery" />
      <grafspec output="../../../../gif/regs/ussocom/blubvhom.gif" type="gallery" />
      <grafspec output="../../../../gif/regs/ussocom/blubvpnx.gif" type="gallery" />
      <grafspec output="../../../../gif/regs/ussocom/blubvtop.gif" type="gallery" />
    </document>
    <document title="5643" timestamp="06/06/2016 15:27:39">
      <docspec output="5643.htm" id="54" title="SOFARS PART 5643CONTRACT MODIFICATIONS" />
      <grafspec output="../../../../gif/regs/ussocom/blubvppv.gif" type="gallery" />
      <grafspec output="../../../../gif/regs/ussocom/blubvtoc.gif" type="gallery" />
      <grafspec output="../../../../gif/regs/ussocom/blubvhom.gif" type="gallery" />
      <grafspec output="../../../../gif/regs/ussocom/blubvpnx.gif" type="gallery" />
      <grafspec output="../../../../gif/regs/ussocom/blubvtop.gif" type="gallery" />
    </document>
    <document title="5645" timestamp="06/06/2016 15:27:40">
      <docspec output="5645.htm" id="55" title="SOFARS PART 5645GOVERNMENT PROPERTY" />
      <grafspec output="../../../../gif/regs/ussocom/blubvppv.gif" type="gallery" />
      <grafspec output="../../../../gif/regs/ussocom/blubvtoc.gif" type="gallery" />
      <grafspec output="../../../../gif/regs/ussocom/blubvhom.gif" type="gallery" />
      <grafspec output="../../../../gif/regs/ussocom/blubvpnx.gif" type="gallery" />
      <grafspec output="../../../../gif/regs/ussocom/blubvtop.gif" type="gallery" />
    </document>
    <document title="5646" timestamp="06/06/2016 15:27:40">
      <docspec output="5646.htm" id="56" title="SOFARS PART 5646QUALITY ASSURANCE" />
      <grafspec output="../../../../gif/regs/ussocom/blubvppv.gif" type="gallery" />
      <grafspec output="../../../../gif/regs/ussocom/blubvtoc.gif" type="gallery" />
      <grafspec output="../../../../gif/regs/ussocom/blubvhom.gif" type="gallery" />
      <grafspec output="../../../../gif/regs/ussocom/blubvpnx.gif" type="gallery" />
      <grafspec output="../../../../gif/regs/ussocom/blubvtop.gif" type="gallery" />
    </document>
    <document title="5647" timestamp="06/06/2016 15:27:41">
      <docspec output="5647.htm" id="57" title="SOFARS PART 5647TRANSPORTATION" />
      <grafspec output="../../../../gif/regs/ussocom/blubvppv.gif" type="gallery" />
      <grafspec output="../../../../gif/regs/ussocom/blubvtoc.gif" type="gallery" />
      <grafspec output="../../../../gif/regs/ussocom/blubvhom.gif" type="gallery" />
      <grafspec output="../../../../gif/regs/ussocom/blubvpnx.gif" type="gallery" />
      <grafspec output="../../../../gif/regs/ussocom/blubvtop.gif" type="gallery" />
    </document>
    <document title="5649" timestamp="06/06/2016 15:27:41">
      <docspec output="5649.htm" id="58" title="SOFARS PART 5649TERMINATION OF CONTRACTS" />
      <grafspec output="../../../../gif/regs/ussocom/blubvppv.gif" type="gallery" />
      <grafspec output="../../../../gif/regs/ussocom/blubvtoc.gif" type="gallery" />
      <grafspec output="../../../../gif/regs/ussocom/blubvhom.gif" type="gallery" />
      <grafspec output="../../../../gif/regs/ussocom/blubvpnx.gif" type="gallery" />
      <grafspec output="../../../../gif/regs/ussocom/blubvtop.gif" type="gallery" />
    </document>
    <document title="5652" timestamp="06/06/2016 15:27:44">
      <docspec output="5652.htm" id="59" title="SOFARS PART 5652SOLICITATION PROVISIONS AND CONTRACT CLAUSES" />
      <grafspec output="../../../../gif/regs/ussocom/blubvppv.gif" type="gallery" />
      <grafspec output="../../../../gif/regs/ussocom/blubvtoc.gif" type="gallery" />
      <grafspec output="../../../../gif/regs/ussocom/blubvhom.gif" type="gallery" />
      <grafspec output="../../../../gif/regs/ussocom/blubvpnx.gif" type="gallery" />
      <grafspec output="../../../../gif/regs/ussocom/blubvtop.gif" type="gallery" />
    </document>
  </publication>
</project>
