<?xml version="1.0" standalone="yes" ?>
<project magicid="68687365" generator="Transit 4.2" format="1.2">
  <mapfile output="MapFile.xml" timestamp="03/27/2018 18:00:30" />
  <publication title="Special Operations Federal Aquisition Regulations Supplement">
    <toc title="Table of Contents" timestamp="02/06/2037 06:28:16">
      <docspec output="ussocom1toc.htm" id="197" title="Special Operations Federal Aquisition Regulations Supplement TOC" />
    </toc>
    <document title="5601" timestamp="03/27/2018 17:59:16">
      <docspec output="5601.htm" id="155" title="SOFARS PART 5601THE FEDERAL ACQUISITION REGULATION SYSTEM" />
      <grafspec output="../../../../gif/regs/ussocom/5601--1.gif" type="graphic" />
      <grafspec output="../../../../gif/regs/ussocom/5601-2.gif" type="graphic" />
      <grafspec output="../../../../gif/regs/ussocom/5601--3.gif" type="graphic" />
      <grafspec output="../../../../gif/regs/ussocom/5601--4.gif" type="graphic" />
      <grafspec output="../../../../gif/regs/ussocom/blubvppv.gif" type="gallery" />
      <grafspec output="../../../../gif/regs/ussocom/blubvtoc.gif" type="gallery" />
      <grafspec output="../../../../gif/regs/ussocom/blubvpnx.gif" type="gallery" />
      <grafspec output="../../../../gif/regs/ussocom/blubvtop.gif" type="gallery" />
    </document>
    <document title="Attachment_5601-1" timestamp="03/27/2018 17:59:23">
      <docspec output="Attachment_5601-1.htm" id="156" title="" />
      <grafspec output="../../../../gif/regs/ussocom/blubvppv.gif" type="gallery" />
      <grafspec output="../../../../gif/regs/ussocom/blubvtoc.gif" type="gallery" />
      <grafspec output="../../../../gif/regs/ussocom/blubvpnx.gif" type="gallery" />
      <grafspec output="../../../../gif/regs/ussocom/blubvtop.gif" type="gallery" />
    </document>
    <document title="01-7Ratification" timestamp="03/27/2018 17:59:25">
      <docspec output="01-7Ratification.htm" id="157" title="" />
      <grafspec output="../../../../gif/regs/ussocom/blubvppv.gif" type="gallery" />
      <grafspec output="../../../../gif/regs/ussocom/blubvtoc.gif" type="gallery" />
      <grafspec output="../../../../gif/regs/ussocom/blubvpnx.gif" type="gallery" />
      <grafspec output="../../../../gif/regs/ussocom/blubvtop.gif" type="gallery" />
    </document>
    <document title="5602" timestamp="03/27/2018 17:59:26">
      <docspec output="5602.htm" id="158" title="SOFARS PART 5602DEFINITIONS OF WORDS AND TERMS" />
      <grafspec output="../../../../gif/regs/ussocom/blubvppv.gif" type="gallery" />
      <grafspec output="../../../../gif/regs/ussocom/blubvtoc.gif" type="gallery" />
      <grafspec output="../../../../gif/regs/ussocom/blubvpnx.gif" type="gallery" />
      <grafspec output="../../../../gif/regs/ussocom/blubvtop.gif" type="gallery" />
    </document>
    <document title="5603" timestamp="03/27/2018 17:59:27">
      <docspec output="5603.htm" id="159" title="SOFARS PART 5603IMPROPER BUSINESS PRACTICES AND PERSONAL CONFLICTS OF INTEREST" />
      <grafspec output="../../../../gif/regs/ussocom/blubvppv.gif" type="gallery" />
      <grafspec output="../../../../gif/regs/ussocom/blubvtoc.gif" type="gallery" />
      <grafspec output="../../../../gif/regs/ussocom/blubvpnx.gif" type="gallery" />
      <grafspec output="../../../../gif/regs/ussocom/blubvtop.gif" type="gallery" />
    </document>
    <document title="5604" timestamp="03/27/2018 17:59:34">
      <docspec output="5604.htm" id="160" title="SOFARS PART 5604ADMINISTRATIVE MATTERS " />
      <grafspec output="../../../../gif/regs/ussocom/5604-1.gif" type="graphic" />
      <grafspec output="../../../../gif/regs/ussocom/5604-2.gif" type="graphic" />
      <grafspec output="../../../../gif/regs/ussocom/blubvppv.gif" type="gallery" />
      <grafspec output="../../../../gif/regs/ussocom/blubvtoc.gif" type="gallery" />
      <grafspec output="../../../../gif/regs/ussocom/blubvpnx.gif" type="gallery" />
      <grafspec output="../../../../gif/regs/ussocom/blubvtop.gif" type="gallery" />
    </document>
    <document title="5605" timestamp="03/27/2018 17:59:34">
      <docspec output="5605.htm" id="161" title="SOFARS PART 5605PUBLICIZING CONTRACT ACTIONS " />
      <grafspec output="../../../../gif/regs/ussocom/blubvppv.gif" type="gallery" />
      <grafspec output="../../../../gif/regs/ussocom/blubvtoc.gif" type="gallery" />
      <grafspec output="../../../../gif/regs/ussocom/blubvpnx.gif" type="gallery" />
      <grafspec output="../../../../gif/regs/ussocom/blubvtop.gif" type="gallery" />
    </document>
    <document title="5606" timestamp="03/27/2018 17:59:35">
      <docspec output="5606.htm" id="162" title="SOFARS PART 5606COMPETITION REQUIREMENTS " />
      <grafspec output="../../../../gif/regs/ussocom/blubvppv.gif" type="gallery" />
      <grafspec output="../../../../gif/regs/ussocom/blubvtoc.gif" type="gallery" />
      <grafspec output="../../../../gif/regs/ussocom/blubvpnx.gif" type="gallery" />
      <grafspec output="../../../../gif/regs/ussocom/blubvtop.gif" type="gallery" />
    </document>
    <document title="5607" timestamp="03/27/2018 17:59:42">
      <docspec output="5607.htm" id="163" title="SOFARS PART 5607ACQUISITION PLANNING" />
      <grafspec output="../../../../gif/regs/ussocom/5607--1.gif" type="graphic" />
      <grafspec output="../../../../gif/regs/ussocom/5607-2.gif" type="graphic" />
      <grafspec output="../../../../gif/regs/ussocom/5607--3.gif" type="graphic" />
      <grafspec output="../../../../gif/regs/ussocom/blubvppv.gif" type="gallery" />
      <grafspec output="../../../../gif/regs/ussocom/blubvtoc.gif" type="gallery" />
      <grafspec output="../../../../gif/regs/ussocom/blubvpnx.gif" type="gallery" />
      <grafspec output="../../../../gif/regs/ussocom/blubvtop.gif" type="gallery" />
    </document>
    <document title="5608" timestamp="03/27/2018 17:59:48">
      <docspec output="5608.htm" id="164" title="SOFARS PART 5608REQUIRED SOURCES OF SUPPLIES AND SERVICES" />
      <grafspec output="../../../../gif/regs/ussocom/5608--1.gif" type="graphic" />
      <grafspec output="../../../../gif/regs/ussocom/5608-2.gif" type="graphic" />
      <grafspec output="../../../../gif/regs/ussocom/5608--3.gif" type="graphic" />
      <grafspec output="../../../../gif/regs/ussocom/5608--4.gif" type="graphic" />
      <grafspec output="../../../../gif/regs/ussocom/blubvppv.gif" type="gallery" />
      <grafspec output="../../../../gif/regs/ussocom/blubvtoc.gif" type="gallery" />
      <grafspec output="../../../../gif/regs/ussocom/blubvpnx.gif" type="gallery" />
      <grafspec output="../../../../gif/regs/ussocom/blubvtop.gif" type="gallery" />
    </document>
    <document title="5609" timestamp="03/27/2018 17:59:55">
      <docspec output="5609.htm" id="165" title="SOFARS PART 5609CONTRACTOR QUALIFICATIONS" />
      <grafspec output="../../../../gif/regs/ussocom/5609--1.gif" type="graphic" />
      <grafspec output="../../../../gif/regs/ussocom/5609-2.gif" type="graphic" />
      <grafspec output="../../../../gif/regs/ussocom/5609--3.gif" type="graphic" />
      <grafspec output="../../../../gif/regs/ussocom/5609--4.gif" type="graphic" />
      <grafspec output="../../../../gif/regs/ussocom/blubvppv.gif" type="gallery" />
      <grafspec output="../../../../gif/regs/ussocom/blubvtoc.gif" type="gallery" />
      <grafspec output="../../../../gif/regs/ussocom/blubvpnx.gif" type="gallery" />
      <grafspec output="../../../../gif/regs/ussocom/blubvtop.gif" type="gallery" />
    </document>
    <document title="5610" timestamp="03/27/2018 17:59:55">
      <docspec output="5610.htm" id="166" title="SOFARS PART 5610MARKET RESEARCH " />
      <grafspec output="../../../../gif/regs/ussocom/blubvppv.gif" type="gallery" />
      <grafspec output="../../../../gif/regs/ussocom/blubvtoc.gif" type="gallery" />
      <grafspec output="../../../../gif/regs/ussocom/blubvpnx.gif" type="gallery" />
      <grafspec output="../../../../gif/regs/ussocom/blubvtop.gif" type="gallery" />
    </document>
    <document title="5611" timestamp="03/27/2018 17:59:55">
      <docspec output="5611.htm" id="167" title="SOFARS PART 5611DESCRIBING AGENCY NEEDS " />
      <grafspec output="../../../../gif/regs/ussocom/blubvppv.gif" type="gallery" />
      <grafspec output="../../../../gif/regs/ussocom/blubvtoc.gif" type="gallery" />
      <grafspec output="../../../../gif/regs/ussocom/blubvpnx.gif" type="gallery" />
      <grafspec output="../../../../gif/regs/ussocom/blubvtop.gif" type="gallery" />
    </document>
    <document title="5612" timestamp="03/27/2018 17:59:56">
      <docspec output="5612.htm" id="168" title="SOFARS PART 5612ACQUISITION OF COMMERCIAL ITEMS " />
      <grafspec output="../../../../gif/regs/ussocom/blubvppv.gif" type="gallery" />
      <grafspec output="../../../../gif/regs/ussocom/blubvtoc.gif" type="gallery" />
      <grafspec output="../../../../gif/regs/ussocom/blubvpnx.gif" type="gallery" />
      <grafspec output="../../../../gif/regs/ussocom/blubvtop.gif" type="gallery" />
    </document>
    <document title="5613" timestamp="03/27/2018 17:59:57">
      <docspec output="5613.htm" id="169" title="SOFARS PART 5613SIMPLIFIED ACQUISITION PROCEDURES " />
      <grafspec output="../../../../gif/regs/ussocom/blubvppv.gif" type="gallery" />
      <grafspec output="../../../../gif/regs/ussocom/blubvtoc.gif" type="gallery" />
      <grafspec output="../../../../gif/regs/ussocom/blubvpnx.gif" type="gallery" />
      <grafspec output="../../../../gif/regs/ussocom/blubvtop.gif" type="gallery" />
    </document>
    <document title="5614" timestamp="03/27/2018 17:59:57">
      <docspec output="5614.htm" id="170" title="SOFARS PART 5614SEALED BIDDING " />
      <grafspec output="../../../../gif/regs/ussocom/blubvppv.gif" type="gallery" />
      <grafspec output="../../../../gif/regs/ussocom/blubvtoc.gif" type="gallery" />
      <grafspec output="../../../../gif/regs/ussocom/blubvpnx.gif" type="gallery" />
      <grafspec output="../../../../gif/regs/ussocom/blubvtop.gif" type="gallery" />
    </document>
    <document title="5615" timestamp="03/27/2018 17:59:58">
      <docspec output="5615.htm" id="171" title="SOFARS PART 5615CONTRACTING BY NEGOTIATION " />
      <grafspec output="../../../../gif/regs/ussocom/blubvppv.gif" type="gallery" />
      <grafspec output="../../../../gif/regs/ussocom/blubvtoc.gif" type="gallery" />
      <grafspec output="../../../../gif/regs/ussocom/blubvpnx.gif" type="gallery" />
      <grafspec output="../../../../gif/regs/ussocom/blubvtop.gif" type="gallery" />
    </document>
    <document title="5616" timestamp="03/27/2018 17:59:59">
      <docspec output="5616.htm" id="172" title="SOFARS PART 5616CONTRACT TYPES " />
      <grafspec output="../../../../gif/regs/ussocom/blubvppv.gif" type="gallery" />
      <grafspec output="../../../../gif/regs/ussocom/blubvtoc.gif" type="gallery" />
      <grafspec output="../../../../gif/regs/ussocom/blubvpnx.gif" type="gallery" />
      <grafspec output="../../../../gif/regs/ussocom/blubvtop.gif" type="gallery" />
    </document>
    <document title="5617" timestamp="03/27/2018 18:00:00">
      <docspec output="5617.htm" id="173" title="SOFARS PART 5617SPECIAL CONTRACTING METHODS " />
      <grafspec output="../../../../gif/regs/ussocom/blubvppv.gif" type="gallery" />
      <grafspec output="../../../../gif/regs/ussocom/blubvtoc.gif" type="gallery" />
      <grafspec output="../../../../gif/regs/ussocom/blubvpnx.gif" type="gallery" />
      <grafspec output="../../../../gif/regs/ussocom/blubvtop.gif" type="gallery" />
    </document>
    <document title="5619" timestamp="03/27/2018 18:00:06">
      <docspec output="5619.htm" id="174" title="SOFARS PART 5619SMALL BUSINESS AND SMALL DISADVANTAGED BUSINESS CONCERNS" />
      <grafspec output="../../../../gif/regs/ussocom/5619--1.gif" type="graphic" />
      <grafspec output="../../../../gif/regs/ussocom/5619-2.gif" type="graphic" />
      <grafspec output="../../../../gif/regs/ussocom/5619--3.gif" type="graphic" />
      <grafspec output="../../../../gif/regs/ussocom/5619--4.gif" type="graphic" />
      <grafspec output="../../../../gif/regs/ussocom/blubvppv.gif" type="gallery" />
      <grafspec output="../../../../gif/regs/ussocom/blubvtoc.gif" type="gallery" />
      <grafspec output="../../../../gif/regs/ussocom/blubvpnx.gif" type="gallery" />
      <grafspec output="../../../../gif/regs/ussocom/blubvtop.gif" type="gallery" />
    </document>
    <document title="5622" timestamp="03/27/2018 18:00:07">
      <docspec output="5622.htm" id="175" title="SOFARS PART 5622APPLICATION OF LABOR LAWS TO GOVERNMENT ACQUISITIONS" />
      <grafspec output="../../../../gif/regs/ussocom/blubvppv.gif" type="gallery" />
      <grafspec output="../../../../gif/regs/ussocom/blubvtoc.gif" type="gallery" />
      <grafspec output="../../../../gif/regs/ussocom/blubvpnx.gif" type="gallery" />
      <grafspec output="../../../../gif/regs/ussocom/blubvtop.gif" type="gallery" />
    </document>
    <document title="5623" timestamp="03/27/2018 18:00:07">
      <docspec output="5623.htm" id="176" title="SOFARS PART 5623ENVIRONMENT, CONSERVATION, OCCUPATIONAL SAFETY, AND DRUG-FREE WORKPLACE " />
      <grafspec output="../../../../gif/regs/ussocom/blubvppv.gif" type="gallery" />
      <grafspec output="../../../../gif/regs/ussocom/blubvtoc.gif" type="gallery" />
      <grafspec output="../../../../gif/regs/ussocom/blubvpnx.gif" type="gallery" />
      <grafspec output="../../../../gif/regs/ussocom/blubvtop.gif" type="gallery" />
    </document>
    <document title="5624" timestamp="03/27/2018 18:00:08">
      <docspec output="5624.htm" id="177" title="SOFARS PART 5624PROTECTION OF PRIVACY AND FREEDOM OF INFORMATION " />
      <grafspec output="../../../../gif/regs/ussocom/blubvppv.gif" type="gallery" />
      <grafspec output="../../../../gif/regs/ussocom/blubvtoc.gif" type="gallery" />
      <grafspec output="../../../../gif/regs/ussocom/blubvpnx.gif" type="gallery" />
      <grafspec output="../../../../gif/regs/ussocom/blubvtop.gif" type="gallery" />
    </document>
    <document title="5625" timestamp="03/27/2018 18:00:08">
      <docspec output="5625.htm" id="178" title="SOFARS PART 5625FOREIGN ACQUISITION " />
      <grafspec output="../../../../gif/regs/ussocom/blubvppv.gif" type="gallery" />
      <grafspec output="../../../../gif/regs/ussocom/blubvtoc.gif" type="gallery" />
      <grafspec output="../../../../gif/regs/ussocom/blubvpnx.gif" type="gallery" />
      <grafspec output="../../../../gif/regs/ussocom/blubvtop.gif" type="gallery" />
    </document>
    <document title="5627" timestamp="03/27/2018 18:00:09">
      <docspec output="5627.htm" id="179" title="SOFARS PART 5627PATENTS, DATA, AND COPYRIGHTS" />
      <grafspec output="../../../../gif/regs/ussocom/blubvppv.gif" type="gallery" />
      <grafspec output="../../../../gif/regs/ussocom/blubvtoc.gif" type="gallery" />
      <grafspec output="../../../../gif/regs/ussocom/blubvpnx.gif" type="gallery" />
      <grafspec output="../../../../gif/regs/ussocom/blubvtop.gif" type="gallery" />
    </document>
    <document title="5628" timestamp="03/27/2018 18:00:09">
      <docspec output="5628.htm" id="180" title="SOFARS PART 5628BONDS AND INSURANCE" />
      <grafspec output="../../../../gif/regs/ussocom/blubvppv.gif" type="gallery" />
      <grafspec output="../../../../gif/regs/ussocom/blubvtoc.gif" type="gallery" />
      <grafspec output="../../../../gif/regs/ussocom/blubvpnx.gif" type="gallery" />
      <grafspec output="../../../../gif/regs/ussocom/blubvtop.gif" type="gallery" />
    </document>
    <document title="5629" timestamp="03/27/2018 18:00:09">
      <docspec output="5629.htm" id="181" title="SOFARS PART 5629TAXES" />
      <grafspec output="../../../../gif/regs/ussocom/blubvppv.gif" type="gallery" />
      <grafspec output="../../../../gif/regs/ussocom/blubvtoc.gif" type="gallery" />
      <grafspec output="../../../../gif/regs/ussocom/blubvpnx.gif" type="gallery" />
      <grafspec output="../../../../gif/regs/ussocom/blubvtop.gif" type="gallery" />
    </document>
    <document title="5631" timestamp="03/27/2018 18:00:10">
      <docspec output="5631.htm" id="182" title="SOFARS PART 5631CONTRACT COST PRINCIPLES AND PROCEDURES" />
      <grafspec output="../../../../gif/regs/ussocom/blubvppv.gif" type="gallery" />
      <grafspec output="../../../../gif/regs/ussocom/blubvtoc.gif" type="gallery" />
      <grafspec output="../../../../gif/regs/ussocom/blubvpnx.gif" type="gallery" />
      <grafspec output="../../../../gif/regs/ussocom/blubvtop.gif" type="gallery" />
    </document>
    <document title="5632" timestamp="03/27/2018 18:00:11">
      <docspec output="5632.htm" id="183" title="SOFARS PART 5632CONTRACT FINANCING" />
      <grafspec output="../../../../gif/regs/ussocom/blubvppv.gif" type="gallery" />
      <grafspec output="../../../../gif/regs/ussocom/blubvtoc.gif" type="gallery" />
      <grafspec output="../../../../gif/regs/ussocom/blubvpnx.gif" type="gallery" />
      <grafspec output="../../../../gif/regs/ussocom/blubvtop.gif" type="gallery" />
    </document>
    <document title="5633" timestamp="03/27/2018 18:00:11">
      <docspec output="5633.htm" id="184" title="SOFARS PART 5633PROTESTS, DISPUTES, AND APPEALS" />
      <grafspec output="../../../../gif/regs/ussocom/blubvppv.gif" type="gallery" />
      <grafspec output="../../../../gif/regs/ussocom/blubvtoc.gif" type="gallery" />
      <grafspec output="../../../../gif/regs/ussocom/blubvpnx.gif" type="gallery" />
      <grafspec output="../../../../gif/regs/ussocom/blubvtop.gif" type="gallery" />
    </document>
    <document title="5635" timestamp="03/27/2018 18:00:12">
      <docspec output="5635.htm" id="185" title="SOFARS PART 5635RESEARCH AND DEVELOPMENT CONTRACTING " />
      <grafspec output="../../../../gif/regs/ussocom/blubvppv.gif" type="gallery" />
      <grafspec output="../../../../gif/regs/ussocom/blubvtoc.gif" type="gallery" />
      <grafspec output="../../../../gif/regs/ussocom/blubvpnx.gif" type="gallery" />
      <grafspec output="../../../../gif/regs/ussocom/blubvtop.gif" type="gallery" />
    </document>
    <document title="5636" timestamp="03/27/2018 18:00:12">
      <docspec output="5636.htm" id="186" title="SOFARS PART 5636CONSTRUCTION AND ARCHITECT -- ENGINEER CONTRACTS" />
      <grafspec output="../../../../gif/regs/ussocom/blubvppv.gif" type="gallery" />
      <grafspec output="../../../../gif/regs/ussocom/blubvtoc.gif" type="gallery" />
      <grafspec output="../../../../gif/regs/ussocom/blubvpnx.gif" type="gallery" />
      <grafspec output="../../../../gif/regs/ussocom/blubvtop.gif" type="gallery" />
    </document>
    <document title="5637" timestamp="03/27/2018 18:00:13">
      <docspec output="5637.htm" id="187" title="SOFARS PART 5637SERVICE CONTRACTING" />
      <grafspec output="../../../../gif/regs/ussocom/blubvppv.gif" type="gallery" />
      <grafspec output="../../../../gif/regs/ussocom/blubvtoc.gif" type="gallery" />
      <grafspec output="../../../../gif/regs/ussocom/blubvpnx.gif" type="gallery" />
      <grafspec output="../../../../gif/regs/ussocom/blubvtop.gif" type="gallery" />
    </document>
    <document title="5639" timestamp="03/27/2018 18:00:13">
      <docspec output="5639.htm" id="188" title="SOFARS PART 5639ACQUISITION OF INFORMATION TECHNOLOGY" />
      <grafspec output="../../../../gif/regs/ussocom/blubvppv.gif" type="gallery" />
      <grafspec output="../../../../gif/regs/ussocom/blubvtoc.gif" type="gallery" />
      <grafspec output="../../../../gif/regs/ussocom/blubvpnx.gif" type="gallery" />
      <grafspec output="../../../../gif/regs/ussocom/blubvtop.gif" type="gallery" />
    </document>
    <document title="5642" timestamp="03/27/2018 18:00:14">
      <docspec output="5642.htm" id="189" title="SOFARS PART 5642CONTRACT ADMINISTRATION AND AUDIT SERVICES" />
      <grafspec output="../../../../gif/regs/ussocom/blubvppv.gif" type="gallery" />
      <grafspec output="../../../../gif/regs/ussocom/blubvtoc.gif" type="gallery" />
      <grafspec output="../../../../gif/regs/ussocom/blubvpnx.gif" type="gallery" />
      <grafspec output="../../../../gif/regs/ussocom/blubvtop.gif" type="gallery" />
    </document>
    <document title="5643" timestamp="03/27/2018 18:00:15">
      <docspec output="5643.htm" id="190" title="SOFARS PART 5643CONTRACT MODIFICATIONS" />
      <grafspec output="../../../../gif/regs/ussocom/blubvppv.gif" type="gallery" />
      <grafspec output="../../../../gif/regs/ussocom/blubvtoc.gif" type="gallery" />
      <grafspec output="../../../../gif/regs/ussocom/blubvpnx.gif" type="gallery" />
      <grafspec output="../../../../gif/regs/ussocom/blubvtop.gif" type="gallery" />
    </document>
    <document title="5645" timestamp="03/27/2018 18:00:21">
      <docspec output="5645.htm" id="191" title="SOFARS PART 5645GOVERNMENT PROPERTY" />
      <grafspec output="../../../../gif/regs/ussocom/5645--1.gif" type="graphic" />
      <grafspec output="../../../../gif/regs/ussocom/5645-2.gif" type="graphic" />
      <grafspec output="../../../../gif/regs/ussocom/5645--3.gif" type="graphic" />
      <grafspec output="../../../../gif/regs/ussocom/5645--4.gif" type="graphic" />
      <grafspec output="../../../../gif/regs/ussocom/blubvppv.gif" type="gallery" />
      <grafspec output="../../../../gif/regs/ussocom/blubvtoc.gif" type="gallery" />
      <grafspec output="../../../../gif/regs/ussocom/blubvpnx.gif" type="gallery" />
      <grafspec output="../../../../gif/regs/ussocom/blubvtop.gif" type="gallery" />
    </document>
    <document title="5646" timestamp="03/27/2018 18:00:21">
      <docspec output="5646.htm" id="192" title="SOFARS PART 5646QUALITY ASSURANCE" />
      <grafspec output="../../../../gif/regs/ussocom/blubvppv.gif" type="gallery" />
      <grafspec output="../../../../gif/regs/ussocom/blubvtoc.gif" type="gallery" />
      <grafspec output="../../../../gif/regs/ussocom/blubvpnx.gif" type="gallery" />
      <grafspec output="../../../../gif/regs/ussocom/blubvtop.gif" type="gallery" />
    </document>
    <document title="5647" timestamp="03/27/2018 18:00:22">
      <docspec output="5647.htm" id="193" title="SOFARS PART 5647TRANSPORTATION" />
      <grafspec output="../../../../gif/regs/ussocom/blubvppv.gif" type="gallery" />
      <grafspec output="../../../../gif/regs/ussocom/blubvtoc.gif" type="gallery" />
      <grafspec output="../../../../gif/regs/ussocom/blubvpnx.gif" type="gallery" />
      <grafspec output="../../../../gif/regs/ussocom/blubvtop.gif" type="gallery" />
    </document>
    <document title="5649" timestamp="03/27/2018 18:00:23">
      <docspec output="5649.htm" id="194" title="SOFARS PART 5649TERMINATION OF CONTRACTS" />
      <grafspec output="../../../../gif/regs/ussocom/blubvppv.gif" type="gallery" />
      <grafspec output="../../../../gif/regs/ussocom/blubvtoc.gif" type="gallery" />
      <grafspec output="../../../../gif/regs/ussocom/blubvpnx.gif" type="gallery" />
      <grafspec output="../../../../gif/regs/ussocom/blubvtop.gif" type="gallery" />
    </document>
    <document title="5652" timestamp="03/27/2018 18:00:25">
      <docspec output="5652.htm" id="195" title="SOFARS PART 5652SOLICITATION PROVISIONS AND CONTRACT CLAUSES" />
      <grafspec output="../../../../gif/regs/ussocom/blubvppv.gif" type="gallery" />
      <grafspec output="../../../../gif/regs/ussocom/blubvtoc.gif" type="gallery" />
      <grafspec output="../../../../gif/regs/ussocom/blubvpnx.gif" type="gallery" />
      <grafspec output="../../../../gif/regs/ussocom/blubvtop.gif" type="gallery" />
    </document>
    <document title="FARSite_n" timestamp="03/27/2018 18:00:26">
      <docspec output="FARSite_n.htm" id="196" title="FARSite_n" />
      <grafspec output="../../../../gif/regs/ussocom/aqwvbkg.gif" type="gallery" />
      <grafspec output="../../../../gif/regs/ussocom/aqwvppv.gif" type="gallery" />
      <grafspec output="../../../../gif/regs/ussocom/aqwvtoc.gif" type="gallery" />
      <grafspec output="../../../../gif/regs/ussocom/aqwvidx.gif" type="gallery" />
      <grafspec output="../../../../gif/regs/ussocom/aqwvpnx.gif" type="gallery" />
      <grafspec output="../../../../gif/regs/ussocom/aqwvspm.gif" type="gallery" />
    </document>
  </publication>
</project>
